mirna	targets@mRNA	score	energy	alignment length	global coverage	seed coverage
api-miR-3015c	rna27318	146.00	-13.54	17	64.71	88.24
api-miR-3015c	rna14037	141.00	-16.27	16	68.75	81.25
api-miR-3015c	rna15090	140.00	-11.77	15	66.67	86.67
api-miR-3015c	rna25490	145.00	-12.86	18	66.67	88.89
api-miR-3015c	rna23800	163.00	-15.96	18	72.22	83.33
api-miR-3015c	rna28874	141.00	-13.48	15	80.00	86.67
api-miR-3015c	rna5471	145.00	-17.38	18	72.22	83.33
api-miR-3015c	rna16140	142.00	-15.04	17	64.71	82.35
api-miR-3015c	rna16105	141.00	-16.02	17	70.59	88.24
api-miR-3015c	rna142	150.00	-17.80	17	70.59	88.24
api-miR-3015c	rna28003	146.00	-11.43	15	73.33	80.00
api-miR-3015c	rna6629	140.00	-11.26	17	70.59	82.35
api-miR-3015c	rna31159	154.00	-15.85	17	76.47	88.24
api-miR-3015c	rna7103	154.00	-14.69	19	73.68	73.68
api-miR-3015c	rna27233	161.00	-13.68	16	81.25	81.25
api-miR-3015c	rna25366	143.00	-11.32	18	66.67	77.78
api-miR-3015c	rna13454	144.00	-11.74	17	70.59	88.24
api-miR-3015c	rna16129	140.00	-11.44	7	100.00	100.00
api-miR-3015c	rna21816	155.00	-16.34	18	77.78	83.33
api-miR-3015c	rna1484	150.00	-13.99	17	76.47	82.35
api-miR-3015c	rna9925	156.00	-15.91	17	82.35	94.12
api-miR-3015c	rna22538	142.00	-16.96	16	68.75	87.50
api-miR-3015c	rna10626	143.00	-11.27	14	71.43	92.86
api-miR-3015c	rna8007	141.00	-10.21	16	68.75	81.25
api-miR-3015c	rna13271	156.00	-13.56	17	76.47	82.35
api-miR-3015c	rna19614	150.00	-15.29	9	100.00	100.00
api-miR-3015c	rna7395	146.00	-12.72	17	64.71	88.24
api-miR-3015c	rna24477	140.00	-12.34	15	66.67	86.67
api-miR-3015c	rna21283	169.00	-16.42	18	83.33	88.89
api-miR-3015c	rna18527	151.00	-13.33	17	70.59	82.35
api-miR-3015c	rna3409	148.00	-13.28	17	76.47	88.24
api-miR-3015c	rna22964	143.00	-13.51	18	61.11	83.33
api-miR-3015c	rna15636	141.00	-14.21	18	66.67	83.33
api-miR-3015c	rna15636	141.00	-12.11	20	65.00	80.00
api-miR-3015c	rna18504	151.00	-13.33	17	70.59	82.35
api-miR-3015c	rna8921	157.00	-15.36	12	91.67	91.67
api-miR-3015c	rna10851	147.00	-12.83	14	78.57	92.86
api-miR-3015c	rna15581	147.00	-11.38	14	78.57	92.86
api-miR-3015c	rna11089	151.00	-18.87	16	81.25	93.75
api-miR-3015c	rna19278	144.00	-11.18	13	76.92	84.62
api-miR-3015c	rna7087	157.00	-13.96	18	72.22	83.33
api-miR-3015c	rna23299	142.00	-10.62	17	76.47	88.24
api-miR-3015c	rna14645	145.00	-11.11	16	68.75	87.50
api-miR-3015c	rna19270	140.00	-15.57	14	78.57	85.71
api-miR-3015c	rna69	148.00	-14.46	13	76.92	92.31
api-miR-3015c	rna3686	170.00	-24.54	17	88.24	100.00
api-miR-3015c	rna2350	143.00	-14.11	16	75.00	87.50
api-miR-3015c	rna4825	146.00	-9.09	17	70.59	82.35
api-miR-3015c	rna4825	140.00	-10.23	7	100.00	100.00
api-miR-3015c	rna22288	151.00	-19.87	17	76.47	88.24
api-miR-3015c	rna17118	157.00	-16.53	18	72.22	83.33
api-miR-3015c	rna18729	145.00	-12.23	16	68.75	87.50
api-miR-3015c	rna17281	142.00	-9.46	17	64.71	82.35
api-miR-3015c	rna28869	142.00	-14.75	15	73.33	93.33
api-miR-3015c	rna17162	140.00	-11.21	19	73.68	78.95
api-miR-3015c	rna30664	146.00	-13.33	17	64.71	88.24
api-miR-3015c	rna26576	161.00	-15.86	19	73.68	84.21
api-miR-3015c	rna26576	147.00	-16.61	16	81.25	87.50
api-miR-3015c	rna4495	140.00	-13.37	17	70.59	82.35
api-miR-3015c	rna3554	143.00	-25.61	18	83.33	94.44
api-miR-3015c	rna664	168.00	-18.83	17	88.24	88.24
api-miR-3015c	rna5675	150.00	-15.84	18	72.22	77.78
api-miR-3015c	rna28029	154.00	-13.63	17	70.59	94.12
api-miR-3015c	rna5749	140.00	-13.33	11	81.82	100.00
api-miR-3015c	rna6758	162.00	-13.43	17	76.47	82.35
api-miR-3015c	rna3547	141.00	-11.77	14	78.57	92.86
api-miR-3015c	rna7883	146.00	-16.70	20	70.00	80.00
api-miR-3015c	rna11700	156.00	-15.85	17	70.59	88.24
api-miR-3015c	rna24912	175.00	-20.91	18	83.33	88.89
api-miR-3015c	rna25062	140.00	-11.00	17	70.59	82.35
api-miR-3015c	rna26735	153.00	-18.27	18	72.22	94.44
api-miR-3015c	rna21064	157.00	-16.73	19	68.42	84.21
api-miR-3015c	rna21064	146.00	-17.62	9	88.89	100.00
api-miR-3015c	rna10220	140.00	-13.36	18	72.22	77.78
api-miR-3015c	rna7295	145.00	-13.76	14	85.71	92.86
api-miR-3015c	rna7078	145.00	-12.18	15	73.33	80.00
api-miR-3015c	rna14742	140.00	-10.69	15	73.33	80.00
api-miR-3015c	rna18523	151.00	-13.33	17	70.59	82.35
api-miR-3015c	rna9012	153.00	-14.51	18	77.78	88.89
api-miR-3015c	rna1016	141.00	-13.83	16	75.00	93.75
api-miR-3015c	rna11446	170.00	-20.86	17	82.35	88.24
api-miR-3015c	rna3394	141.00	-19.50	16	81.25	87.50
api-miR-3015c	rna28055	140.00	-11.16	17	64.71	88.24
api-miR-3015c	rna4731	148.00	-19.37	14	85.71	92.86
api-miR-3015c	rna3576	141.00	-15.50	16	75.00	93.75
api-miR-3015c	rna14524	150.00	-13.55	15	73.33	86.67
api-miR-3015c	rna18513	151.00	-13.33	17	70.59	82.35
api-miR-3015c	rna5299	154.00	-14.05	17	70.59	76.47
api-miR-3015c	rna4994	140.00	-10.54	7	100.00	100.00
api-miR-3015c	rna17829	155.00	-13.01	14	78.57	85.71
api-miR-3015c	rna24943	153.00	-13.45	14	78.57	92.86
api-miR-3015c	rna24942	153.00	-13.45	14	78.57	92.86
api-miR-3015c	rna16418	142.00	-10.32	13	76.92	92.31
api-miR-3015c	rna1011	148.00	-13.79	17	76.47	88.24
api-miR-3015c	rna9333	147.00	-16.55	14	78.57	92.86
api-miR-3015c	rna29804	142.00	-14.99	15	73.33	93.33
api-miR-3015c	rna14754	140.00	-13.16	17	70.59	82.35
api-miR-3015c	rna22677	144.00	-13.25	17	70.59	88.24
api-miR-3015c	rna24955	142.00	-12.40	13	76.92	92.31
api-miR-3015c	rna9159	155.00	-13.52	16	81.25	81.25
api-miR-3015c	rna8940	141.00	-14.60	20	70.00	75.00
api-miR-3015c	rna22391	140.00	-11.96	15	66.67	86.67
api-miR-3015c	rna19349	142.00	-16.73	17	70.59	76.47
api-miR-3015c	rna13695	154.00	-16.64	15	73.33	93.33
api-miR-3015c	rna5676	150.00	-15.84	18	72.22	77.78
api-miR-3015c	rna26791	140.00	-13.47	13	84.62	92.31
api-miR-3015c	rna7546	141.00	-12.41	20	65.00	80.00
api-miR-3015c	rna8309	141.00	-11.89	16	62.50	87.50
api-miR-3015c	rna7150	153.00	-12.75	16	68.75	81.25
api-miR-3015c	rna6288	145.00	-11.78	12	75.00	83.33
api-miR-3015c	rna13129	147.00	-14.78	17	64.71	82.35
api-miR-3015c	rna12975	145.00	-14.03	18	61.11	77.78
api-miR-3015c	rna5614	158.00	-14.47	13	84.62	92.31
api-miR-3015c	rna26117	155.00	-16.75	16	81.25	81.25
api-miR-3015c	rna13457	144.00	-11.74	17	70.59	88.24
api-miR-3015c	rna18986	141.00	-15.48	16	62.50	87.50
api-miR-3015c	rna26388	142.00	-15.10	18	72.22	83.33
api-miR-3015c	rna18214	148.00	-9.95	13	84.62	84.62
api-miR-3015c	rna16101	144.00	-16.16	15	66.67	93.33
api-miR-3015c	rna16101	144.00	-16.16	15	66.67	93.33
api-miR-3015c	rna18507	151.00	-13.33	17	70.59	82.35
api-miR-3015c	rna26146	141.00	-18.98	20	65.00	80.00
api-miR-3015c	rna2037	145.00	-20.62	17	76.47	88.24
api-miR-3015c	rna23620	145.00	-15.55	20	70.00	80.00
api-miR-3015c	rna3206	146.00	-15.23	23	60.87	69.57
api-miR-3015c	rna5680	141.00	-12.69	12	75.00	100.00
api-miR-3015c	rna24913	175.00	-20.91	18	83.33	88.89
api-miR-3015c	rna29079	143.00	-13.12	18	77.78	83.33
api-miR-3015c	rna20454	149.00	-13.21	16	68.75	93.75
api-miR-3015c	rna5343	154.00	-13.77	17	64.71	82.35
api-miR-3015c	rna11412	143.00	-8.62	14	78.57	85.71
api-miR-3015c	rna14723	148.00	-12.46	11	81.82	90.91
api-miR-3015c	rna21098	149.00	-15.91	19	68.42	89.47
api-miR-3015c	rna24923	175.00	-20.91	18	83.33	88.89
api-miR-3015c	rna25960	161.00	-14.14	16	81.25	81.25
api-miR-3015c	rna25960	143.00	-23.48	18	83.33	94.44
api-miR-3015c	rna5723	140.00	-11.33	17	64.71	88.24
api-miR-3015c	rna14878	152.00	-21.16	14	92.86	92.86
api-miR-3015c	rna30950	150.00	-14.22	13	76.92	84.62
api-miR-3015c	rna13647	144.00	-11.44	14	78.57	78.57
api-miR-3015c	rna28143	141.00	-14.56	12	75.00	100.00
api-miR-3015c	rna8344	145.00	-13.83	22	63.64	68.18
api-miR-3015c	rna11859	140.00	-14.92	11	81.82	100.00
api-miR-3015c	rna18535	151.00	-13.33	17	70.59	82.35
api-miR-3015c	rna20459	149.00	-13.21	16	68.75	93.75
api-miR-3015c	rna28257	153.00	-12.52	16	68.75	81.25
api-miR-3015c	rna136	159.00	-15.29	18	66.67	83.33
api-miR-3015c	rna136	146.00	-14.29	17	82.35	88.24
api-miR-3015c	rna25959	161.00	-14.14	16	81.25	81.25
api-miR-3015c	rna25959	143.00	-23.48	18	83.33	94.44
api-miR-3015c	rna26177	161.00	-19.03	12	91.67	100.00
api-miR-3015c	rna19274	140.00	-15.57	14	78.57	85.71
api-miR-3015c	rna15871	141.00	-13.77	20	60.00	90.00
api-miR-3015c	rna22606	149.00	-16.05	18	72.22	88.89
api-miR-3015c	rna28337	140.00	-9.97	17	70.59	82.35
api-miR-3015c	rna25211	142.00	-15.24	16	75.00	81.25
api-miR-3015c	rna13599	141.00	-12.36	8	87.50	100.00
api-miR-3015c	rna71	148.00	-14.46	13	76.92	92.31
api-miR-3015c	rna27236	157.00	-14.12	16	62.50	93.75
api-miR-3015c	rna27236	142.00	-13.38	12	91.67	91.67
api-miR-3015c	rna24377	154.00	-15.26	13	76.92	92.31
api-miR-3015c	rna20502	151.00	-14.66	17	70.59	82.35
api-miR-3015c	rna5693	143.00	-16.88	13	84.62	92.31
api-miR-3015c	rna13269	156.00	-13.56	17	76.47	82.35
api-miR-3015c	rna3205	143.00	-12.79	14	71.43	92.86
api-miR-3015c	rna22966	143.00	-13.51	18	61.11	83.33
api-miR-3015c	rna18530	151.00	-13.33	17	70.59	82.35
api-miR-3015c	rna18497	154.00	-15.85	17	76.47	88.24
api-miR-3015c	rna1258	154.00	-17.08	17	70.59	94.12
api-miR-3015c	rna1258	148.00	-17.06	21	71.43	71.43
api-miR-3015c	rna27979	151.00	-17.61	18	66.67	88.89
api-miR-3015c	rna1230	155.00	-16.04	16	75.00	87.50
api-miR-3015c	rna7299	140.00	-12.24	17	70.59	82.35
api-miR-3015c	rna13115	140.00	-18.65	14	78.57	85.71
api-miR-3015c	rna11383	141.00	-15.92	15	86.67	93.33
api-miR-3015c	rna9697	160.00	-17.95	22	77.27	77.27
api-miR-3015c	rna6484	151.00	-17.36	18	66.67	88.89
api-miR-3015c	rna18046	145.00	-19.22	22	63.64	72.73
api-miR-3015c	rna13218	140.00	-10.95	15	66.67	86.67
api-miR-3015c	rna24095	146.00	-15.84	20	70.00	80.00
api-miR-3015c	rna3397	141.00	-19.50	16	81.25	87.50
api-miR-3015c	rna9926	156.00	-15.91	17	82.35	94.12
api-miR-3015c	rna13258	142.00	-16.40	17	76.47	88.24
api-miR-3015c	rna27017	140.00	-9.84	19	68.42	84.21
api-miR-3015c	rna21860	145.00	-12.34	18	66.67	88.89
api-miR-3015c	rna3392	141.00	-19.50	16	81.25	87.50
api-miR-3015c	rna23601	141.00	-15.48	16	62.50	87.50
api-miR-3015c	rna9510	148.00	-11.00	13	84.62	84.62
api-miR-3015c	rna20458	149.00	-13.21	16	68.75	93.75
api-miR-3015c	rna10258	151.00	-16.97	20	75.00	75.00
api-miR-3015c	rna9606	144.00	-17.35	17	76.47	82.35
api-miR-3015c	rna7623	145.00	-11.95	19	68.42	84.21
api-miR-3015c	rna11568	142.00	-13.31	20	65.00	80.00
api-miR-3015c	rna16180	141.00	-10.44	18	61.11	88.89
api-miR-3015c	rna3550	141.00	-11.77	14	78.57	92.86
api-miR-3015c	rna9985	153.00	-14.01	18	66.67	83.33
api-miR-3015c	rna17166	144.00	-14.37	18	72.22	83.33
api-miR-3015c	rna1968	140.00	-11.66	17	64.71	88.24
api-miR-3015c	rna22717	140.00	-9.95	7	100.00	100.00
api-miR-3015c	rna20742	146.00	-14.45	16	75.00	87.50
api-miR-3015c	rna27026	161.00	-15.78	16	75.00	87.50
api-miR-3015c	rna7100	143.00	-17.49	13	84.62	92.31
api-miR-3015c	rna2491	147.00	-14.95	17	88.24	88.24
api-miR-3015c	rna18690	149.00	-12.46	12	83.33	83.33
api-miR-3015c	rna23189	145.00	-16.36	18	66.67	88.89
api-miR-3015c	rna24916	175.00	-20.91	18	83.33	88.89
api-miR-3015c	rna18519	151.00	-13.33	17	70.59	82.35
api-miR-3015c	rna25226	153.00	-15.72	18	66.67	83.33
api-miR-3015c	rna27650	152.00	-19.57	14	85.71	100.00
api-miR-3015c	rna3411	148.00	-13.28	17	76.47	88.24
api-miR-3015c	rna14753	140.00	-13.16	17	70.59	82.35
api-miR-3015c	rna24074	147.00	-15.98	10	90.00	90.00
api-miR-3015c	rna24074	140.00	-16.50	11	81.82	100.00
api-miR-3015c	rna13958	142.00	-11.56	17	64.71	82.35
api-miR-3015c	rna7088	157.00	-13.96	18	72.22	83.33
api-miR-3015c	rna8053	150.00	-14.39	13	76.92	84.62
api-miR-3015c	rna21942	145.00	-12.36	16	68.75	87.50
api-miR-3015c	rna26029	147.00	-22.31	17	82.35	94.12
api-miR-3015c	rna1229	155.00	-16.04	16	75.00	87.50
api-miR-3015c	rna13990	163.00	-12.37	18	77.78	77.78
api-miR-3015c	rna13990	142.00	-13.18	18	77.78	83.33
api-miR-3015c	rna11739	149.00	-19.87	20	75.00	85.00
api-miR-3015c	rna12547	141.00	-16.12	18	72.22	83.33
api-miR-3015c	rna16644	145.00	-12.42	16	68.75	87.50
api-miR-3015c	rna6483	144.00	-15.79	17	70.59	88.24
api-miR-3015c	rna3294	144.00	-9.20	17	70.59	88.24
api-miR-3015c	rna150	143.00	-14.61	17	70.59	88.24
api-miR-3015c	rna26181	161.00	-19.03	12	91.67	100.00
api-miR-3015c	rna24748	153.00	-20.38	21	76.19	85.71
api-miR-3015c	rna64	148.00	-14.46	13	76.92	92.31
api-miR-3015c	rna4056	148.00	-12.77	17	70.59	76.47
api-miR-3015c	rna19127	149.00	-12.48	18	72.22	72.22
api-miR-3015c	rna13598	141.00	-12.36	8	87.50	100.00
api-miR-3015c	rna24512	140.00	-12.97	15	66.67	86.67
api-miR-3015c	rna23697	141.00	-13.42	18	72.22	77.78
api-miR-3015c	rna22559	141.00	-10.63	19	68.42	78.95
api-miR-3015c	rna18526	151.00	-13.33	17	70.59	82.35
api-miR-3015c	rna22965	143.00	-13.51	18	61.11	83.33
api-miR-3015c	rna13272	156.00	-13.56	17	76.47	82.35
api-miR-3015c	rna23107	141.00	-13.80	13	92.31	92.31
api-miR-3015c	rna17282	142.00	-9.46	17	64.71	82.35
api-miR-3015c	rna10246	145.00	-14.46	19	68.42	84.21
api-miR-3015c	rna24478	140.00	-12.34	15	66.67	86.67
api-miR-3015c	rna15307	147.00	-12.09	16	75.00	93.75
api-miR-3015c	rna24915	175.00	-20.91	18	83.33	88.89
api-miR-3015c	rna5298	154.00	-14.05	17	70.59	76.47
api-miR-3015c	rna9811	141.00	-12.24	16	62.50	87.50
api-miR-3015c	rna1326	143.00	-16.58	17	76.47	94.12
api-miR-3015c	rna13959	142.00	-11.56	17	64.71	82.35
api-miR-3015c	rna25665	147.00	-17.02	18	66.67	83.33
api-miR-3015c	rna22888	145.00	-13.20	20	65.00	70.00
api-miR-3015c	rna14646	145.00	-11.11	16	68.75	87.50
api-miR-3015c	rna22687	143.00	-12.85	19	68.42	68.42
api-miR-3015c	rna14774	143.00	-19.47	17	82.35	88.24
api-miR-3015c	rna1152	144.00	-11.56	17	70.59	88.24
api-miR-3015c	rna27963	162.00	-19.37	17	76.47	82.35
api-miR-3015c	rna23745	141.00	-10.32	14	78.57	92.86
api-miR-3015c	rna7148	153.00	-12.75	16	68.75	81.25
api-miR-3015c	rna14356	156.00	-18.84	15	80.00	100.00
api-miR-3015c	rna7149	153.00	-12.75	16	68.75	81.25
api-miR-3015c	rna13935	147.00	-13.95	16	68.75	81.25
api-miR-3015c	rna28026	154.00	-13.63	17	70.59	94.12
api-miR-3015c	rna24922	175.00	-20.91	18	83.33	88.89
api-miR-3015c	rna11901	142.00	-18.29	17	58.82	88.24
api-miR-3015c	rna13009	143.00	-11.88	14	71.43	92.86
api-miR-3015c	rna17117	157.00	-16.53	18	72.22	83.33
api-miR-3015c	rna15011	146.00	-12.65	9	88.89	100.00
api-miR-3015c	rna18503	151.00	-13.33	17	70.59	82.35
api-miR-3015c	rna2208	149.00	-15.48	18	72.22	88.89
api-miR-3015c	rna17416	149.00	-13.45	21	66.67	71.43
api-miR-3015c	rna7104	154.00	-14.69	19	73.68	73.68
api-miR-3015c	rna26575	161.00	-15.86	19	73.68	84.21
api-miR-3015c	rna26575	147.00	-16.61	16	81.25	87.50
api-miR-3015c	rna10374	143.00	-15.66	17	82.35	88.24
api-miR-3015c	rna21688	149.00	-10.02	12	83.33	83.33
api-miR-3015c	rna947	141.00	-12.51	14	78.57	92.86
api-miR-3015c	rna16106	141.00	-16.02	17	70.59	88.24
api-miR-3015c	rna14226	140.00	-13.42	18	66.67	83.33
api-miR-3015c	rna10560	140.00	-13.89	17	70.59	82.35
api-miR-3015c	rna8229	171.00	-17.94	18	77.78	88.89
api-miR-3015c	rna13455	144.00	-11.74	17	70.59	88.24
api-miR-3015c	rna25993	142.00	-13.25	13	61.54	84.62
api-miR-3015c	rna18639	150.00	-16.48	15	73.33	86.67
api-miR-3015c	rna27981	151.00	-17.61	18	66.67	88.89
api-miR-3015c	rna10329	149.00	-12.74	14	71.43	92.86
api-miR-3015c	rna18140	141.00	-12.31	12	75.00	100.00
api-miR-3015c	rna17538	142.00	-15.00	13	76.92	92.31
api-miR-3015c	rna9884	144.00	-11.39	19	73.68	84.21
api-miR-3015c	rna13494	146.00	-10.70	17	70.59	82.35
api-miR-3015c	rna13494	145.00	-10.47	19	68.42	84.21
api-miR-3015c	rna18522	151.00	-13.33	17	70.59	82.35
api-miR-3015c	rna20455	149.00	-13.21	16	68.75	93.75
api-miR-3015c	rna25458	154.00	-16.16	17	76.47	88.24
api-miR-3015c	rna25410	158.00	-20.32	17	76.47	94.12
api-miR-3015c	rna21662	146.00	-12.43	17	58.82	76.47
api-miR-3015c	rna13236	141.00	-12.13	8	87.50	100.00
api-miR-3015c	rna23822	149.00	-17.70	12	91.67	100.00
api-miR-3015c	rna68	148.00	-14.46	13	76.92	92.31
api-miR-3015c	rna15431	145.00	-14.37	16	68.75	87.50
api-miR-3015c	rna25838	140.00	-14.39	15	66.67	86.67
api-miR-3015c	rna8879	147.00	-11.02	10	90.00	90.00
api-miR-3015c	rna8463	152.00	-13.50	17	76.47	76.47
api-miR-3015c	rna216	141.00	-14.93	15	80.00	86.67
api-miR-3015c	rna6030	157.00	-13.89	20	70.00	80.00
api-miR-3015c	rna28596	144.00	-13.61	17	70.59	88.24
api-miR-3015c	rna13044	153.00	-12.25	18	72.22	77.78
api-miR-3015c	rna27669	145.00	-13.13	12	75.00	83.33
api-miR-3015c	rna13355	147.00	-14.93	16	75.00	93.75
api-miR-3015c	rna20144	158.00	-16.24	15	86.67	86.67
api-miR-3015c	rna14176	143.00	-18.63	17	76.47	94.12
api-miR-3015c	rna4042	146.00	-16.90	18	66.67	83.33
api-miR-3015c	rna22289	151.00	-19.87	17	76.47	88.24
api-miR-3015c	rna27861	142.00	-11.75	16	75.00	81.25
api-miR-3015c	rna5724	140.00	-11.33	17	64.71	88.24
api-miR-3015c	rna16664	143.00	-17.60	18	77.78	83.33
api-miR-3015c	rna25712	143.00	-15.46	17	70.59	88.24
api-miR-3015c	rna11757	142.00	-12.18	19	68.42	78.95
api-miR-3015c	rna9324	161.00	-16.10	16	81.25	81.25
api-miR-3015c	rna20210	140.00	-13.69	17	64.71	88.24
api-miR-3015c	rna26056	141.00	-12.92	12	75.00	100.00
api-miR-3015c	rna3557	143.00	-25.61	18	83.33	94.44
api-miR-3015c	rna17048	154.00	-13.77	17	64.71	82.35
api-miR-3015c	rna24911	175.00	-20.91	18	83.33	88.89
api-miR-3015c	rna21615	143.00	-13.16	16	75.00	87.50
api-miR-3015c	rna28398	147.00	-20.15	18	83.33	83.33
api-miR-3015c	rna23817	149.00	-17.70	12	91.67	100.00
api-miR-3015c	rna24956	142.00	-12.40	13	76.92	92.31
api-miR-3015c	rna14722	148.00	-12.46	11	81.82	90.91
api-miR-3015c	rna20195	146.00	-15.21	19	63.16	73.68
api-miR-3015c	rna13128	147.00	-14.78	17	64.71	82.35
api-miR-3015c	rna21099	144.00	-12.20	19	73.68	84.21
api-miR-3015c	rna28205	153.00	-14.66	15	80.00	86.67
api-miR-3015c	rna4467	142.00	-11.72	16	75.00	81.25
api-miR-3015c	rna21409	151.00	-15.19	18	72.22	83.33
api-miR-3015c	rna20472	176.00	-24.33	15	93.33	100.00
api-miR-3015c	rna18510	151.00	-13.33	17	70.59	82.35
api-miR-3015c	rna22961	143.00	-13.51	18	61.11	83.33
api-miR-3015c	rna5748	140.00	-13.33	11	81.82	100.00
api-miR-3015c	rna24097	146.00	-15.84	20	70.00	80.00
api-miR-3015c	rna18515	151.00	-13.33	17	70.59	82.35
api-miR-3015c	rna11778	144.00	-10.73	15	66.67	73.33
api-miR-3015c	rna12703	141.00	-15.34	18	66.67	83.33
api-miR-3015c	rna18534	151.00	-13.33	17	70.59	82.35
api-miR-3015c	rna27237	157.00	-14.12	16	62.50	93.75
api-miR-3015c	rna27237	142.00	-13.38	12	91.67	91.67
api-miR-3015c	rna26176	161.00	-19.03	12	91.67	100.00
api-miR-3015c	rna12503	143.00	-12.97	18	66.67	77.78
api-miR-3015c	rna6514	171.00	-29.03	18	83.33	100.00
api-miR-3015c	rna12775	145.00	-18.13	20	70.00	85.00
api-miR-3015c	rna24196	141.00	-18.31	11	90.91	100.00
api-miR-3015c	rna9314	140.00	-13.14	17	82.35	88.24
api-miR-3015c	rna26792	140.00	-13.47	13	84.62	92.31
api-miR-3015c	rna11380	142.00	-11.20	13	76.92	92.31
api-miR-3015c	rna27928	150.00	-14.12	19	68.42	73.68
api-miR-3015c	rna27928	148.00	-17.34	15	73.33	93.33
api-miR-3015c	rna13114	140.00	-18.65	14	78.57	85.71
api-miR-3015c	rna24376	146.00	-10.82	17	70.59	82.35
api-miR-3015c	rna24919	175.00	-20.91	18	83.33	88.89
api-miR-3015c	rna13270	156.00	-13.56	17	76.47	82.35
api-miR-3015c	rna18521	151.00	-13.33	17	70.59	82.35
api-miR-3015c	rna13955	142.00	-10.89	17	64.71	82.35
api-miR-3015c	rna3883	144.00	-14.14	18	72.22	83.33
api-miR-3015c	rna18531	151.00	-13.33	17	70.59	82.35
api-miR-3015c	rna9215	147.00	-13.95	16	68.75	81.25
api-miR-3015c	rna28030	154.00	-13.63	17	70.59	94.12
api-miR-3015c	rna70	148.00	-14.46	13	76.92	92.31
api-miR-3015c	rna18516	151.00	-13.33	17	70.59	82.35
api-miR-3015c	rna26180	161.00	-19.03	12	91.67	100.00
api-miR-3015c	rna3691	147.00	-15.99	14	78.57	92.86
api-miR-3015c	rna29803	142.00	-14.99	15	73.33	93.33
api-miR-3015c	rna7357	175.00	-28.89	18	88.89	100.00
api-miR-3015c	rna7114	141.00	-14.01	16	56.25	93.75
api-miR-3015c	rna10623	143.00	-11.27	14	71.43	92.86
api-miR-3015c	rna23818	149.00	-17.70	12	91.67	100.00
api-miR-3015c	rna11781	144.00	-10.73	15	66.67	73.33
api-miR-3015c	rna9011	153.00	-14.51	18	77.78	88.89
api-miR-3015c	rna6536	157.00	-15.87	12	91.67	91.67
api-miR-3015c	rna20743	146.00	-14.45	16	75.00	87.50
api-miR-3015c	rna27668	145.00	-13.13	12	75.00	83.33
api-miR-3015c	rna14773	143.00	-19.47	17	82.35	88.24
api-miR-3015c	rna28338	140.00	-9.97	17	70.59	82.35
api-miR-3015c	rna13458	144.00	-11.74	17	70.59	88.24
api-miR-3015c	rna16102	144.00	-16.16	15	66.67	93.33
api-miR-3015c	rna16102	144.00	-16.16	15	66.67	93.33
api-miR-3015c	rna16454	144.00	-12.12	17	70.59	88.24
api-miR-3015c	rna19589	140.00	-18.68	18	72.22	77.78
api-miR-3015c	rna12546	147.00	-21.67	18	83.33	83.33
api-miR-3015c	rna8939	141.00	-14.60	20	70.00	75.00
api-miR-3015c	rna22993	140.00	-13.89	18	72.22	77.78
api-miR-3015c	rna29806	142.00	-14.99	15	73.33	93.33
api-miR-3015c	rna13493	146.00	-10.70	17	70.59	82.35
api-miR-3015c	rna13493	145.00	-10.47	19	68.42	84.21
api-miR-3015c	rna25900	148.00	-10.91	17	64.71	82.35
api-miR-3015c	rna7089	157.00	-13.96	18	72.22	83.33
api-miR-3015c	rna13534	140.00	-12.00	17	64.71	88.24
api-miR-3015c	rna22688	143.00	-12.85	19	68.42	68.42
api-miR-3015c	rna27443	143.00	-10.57	14	78.57	85.71
api-miR-3015c	rna22430	140.00	-15.18	14	71.43	92.86
api-miR-3015c	rna18139	151.00	-18.92	18	66.67	88.89
api-miR-3015c	rna14752	149.00	-13.43	12	75.00	91.67
api-miR-3015c	rna17449	144.00	-14.28	14	71.43	85.71
api-miR-3015c	rna6285	145.00	-11.78	12	75.00	83.33
api-miR-3015c	rna2670	157.00	-22.56	12	83.33	100.00
api-miR-3015c	rna5694	143.00	-16.88	13	84.62	92.31
api-miR-3015c	rna17499	149.00	-16.61	18	72.22	88.89
api-miR-3015c	rna11628	140.00	-9.95	7	100.00	100.00
api-miR-3015c	rna985	143.00	-14.51	17	70.59	82.35
api-miR-3015c	rna21285	169.00	-16.42	18	83.33	88.89
api-miR-3015c	rna21934	157.00	-13.98	18	77.78	77.78
api-miR-3015c	rna26958	150.00	-16.45	13	84.62	100.00
api-miR-3015c	rna3396	141.00	-19.50	16	81.25	87.50
api-miR-3015c	rna20263	141.00	-16.15	16	75.00	93.75
api-miR-3015c	rna18045	145.00	-19.22	22	63.64	72.73
api-miR-3015c	rna5679	141.00	-12.69	12	75.00	100.00
api-miR-3015c	rna27147	145.00	-16.32	18	72.22	83.33
api-miR-3015c	rna27016	140.00	-9.84	19	68.42	84.21
api-miR-3015c	rna18506	151.00	-13.33	17	70.59	82.35
api-miR-3015c	rna29485	140.00	-14.71	11	81.82	100.00
api-miR-3015c	rna30271	142.00	-12.59	21	66.67	76.19
api-miR-3015c	rna17885	142.00	-14.92	13	76.92	92.31
api-miR-3015c	rna23779	145.00	-16.50	18	66.67	88.89
api-miR-3015c	rna16139	142.00	-15.04	17	64.71	82.35
api-miR-3015c	rna16181	141.00	-10.44	18	61.11	88.89
api-miR-3015c	rna21765	140.00	-13.35	20	70.00	80.00
api-miR-3015c	rna18647	141.00	-10.26	19	68.42	78.95
api-miR-3015c	rna20704	162.00	-16.88	19	68.42	89.47
api-miR-3015c	rna20704	149.00	-15.06	21	66.67	76.19
api-miR-3015c	rna3410	148.00	-13.28	17	76.47	88.24
api-miR-3015c	rna30981	145.00	-18.69	14	85.71	92.86
api-miR-3015c	rna26387	142.00	-15.10	18	72.22	83.33
api-miR-3015c	rna2694	148.00	-16.66	19	68.42	73.68
api-miR-3015c	rna5747	140.00	-13.33	11	81.82	100.00
api-miR-3015c	rna22098	146.00	-15.43	17	64.71	88.24
api-miR-3015c	rna15664	145.00	-14.27	25	60.00	72.00
api-miR-3015c	rna28397	147.00	-20.15	18	83.33	83.33
api-miR-3015c	rna8228	171.00	-17.94	18	77.78	88.89
api-miR-3015c	rna28679	145.00	-12.74	16	68.75	87.50
api-miR-3015c	rna20469	176.00	-24.33	15	93.33	100.00
api-miR-3015c	rna27964	162.00	-19.37	17	76.47	82.35
api-miR-3015c	rna21122	141.00	-15.82	18	77.78	88.89
api-miR-3015c	rna27862	142.00	-11.75	16	75.00	81.25
api-miR-3015c	rna23821	149.00	-17.70	12	91.67	100.00
api-miR-3015c	rna25166	142.00	-13.45	13	76.92	92.31
api-miR-3015c	rna7132	154.00	-11.21	17	70.59	76.47
api-miR-3015c	rna7132	144.00	-11.08	17	70.59	88.24
api-miR-3015c	rna8054	150.00	-14.39	13	76.92	84.62
api-miR-3015c	rna13956	142.00	-10.89	17	64.71	82.35
api-miR-3015c	rna3391	142.00	-14.08	17	64.71	82.35
api-miR-3015c	rna24099	146.00	-15.84	20	70.00	80.00
api-miR-3015c	rna25165	142.00	-13.45	13	76.92	92.31
api-miR-3015c	rna19239	150.00	-12.21	17	64.71	76.47
api-miR-3015c	rna11566	150.00	-12.12	17	70.59	88.24
api-miR-3015c	rna25209	149.00	-13.77	16	75.00	87.50
api-miR-3015c	rna20456	149.00	-13.21	16	68.75	93.75
api-miR-3015c	rna22552	144.00	-15.18	16	75.00	93.75
api-miR-3015c	rna9427	152.00	-12.23	17	70.59	82.35
api-miR-3015c	rna27392	140.00	-14.99	7	100.00	100.00
api-miR-3015c	rna24921	175.00	-20.91	18	83.33	88.89
api-miR-3015c	rna17454	141.00	-12.00	8	87.50	100.00
api-miR-3015c	rna984	143.00	-14.51	17	70.59	82.35
api-miR-3015c	rna25992	142.00	-13.25	13	61.54	84.62
api-miR-3015c	rna12053	140.00	-15.43	20	70.00	80.00
api-miR-3015c	rna27651	152.00	-19.57	14	85.71	100.00
api-miR-3015c	rna24909	175.00	-20.91	18	83.33	88.89
api-miR-3015c	rna23691	141.00	-11.74	16	68.75	81.25
api-miR-3015c	rna22887	145.00	-13.20	20	65.00	70.00
api-miR-3015c	rna16182	141.00	-10.44	18	61.11	88.89
api-miR-3015c	rna28027	154.00	-13.63	17	70.59	94.12
api-miR-3015c	rna18952	164.00	-20.19	17	82.35	88.24
api-miR-3015c	rna5300	154.00	-14.05	17	70.59	76.47
api-miR-3015c	rna1151	144.00	-11.56	17	70.59	88.24
api-miR-3015c	rna22558	141.00	-10.63	19	68.42	78.95
api-miR-3015c	rna29021	151.00	-16.58	18	66.67	88.89
api-miR-3015c	rna24918	175.00	-20.91	18	83.33	88.89
api-miR-3015c	rna4043	146.00	-16.90	18	66.67	83.33
api-miR-3015c	rna21420	153.00	-15.04	16	75.00	75.00
api-miR-3015c	rna10338	142.00	-11.29	17	70.59	76.47
api-miR-3015c	rna27939	147.00	-16.25	18	61.11	72.22
api-miR-3015c	rna13290	140.00	-11.97	17	70.59	82.35
api-miR-3015c	rna21614	143.00	-13.16	16	75.00	87.50
api-miR-3015c	rna10340	152.00	-13.68	17	70.59	82.35
api-miR-3015c	rna13581	143.00	-20.18	18	77.78	83.33
api-miR-3015c	rna3556	143.00	-25.61	18	83.33	94.44
api-miR-3015c	rna1124	141.00	-14.17	12	75.00	100.00
api-miR-3015c	rna12112	160.00	-17.95	22	77.27	77.27
api-miR-3015c	rna14775	143.00	-19.47	17	82.35	88.24
api-miR-3015c	rna9810	141.00	-12.24	16	62.50	87.50
api-miR-3015c	rna27198	148.00	-11.69	20	70.00	75.00
api-miR-3015c	rna19475	145.00	-12.77	19	63.16	73.68
api-miR-3015c	rna17500	149.00	-16.61	18	72.22	88.89
api-miR-3015c	rna27321	146.00	-13.54	17	64.71	88.24
api-miR-3015c	rna17265	142.00	-13.56	18	66.67	77.78
api-miR-3015c	rna16100	144.00	-16.16	15	66.67	93.33
api-miR-3015c	rna16100	144.00	-16.16	15	66.67	93.33
api-miR-3015c	rna26179	161.00	-19.03	12	91.67	100.00
api-miR-3015c	rna18511	151.00	-13.33	17	70.59	82.35
api-miR-3015c	rna3687	170.00	-24.54	17	88.24	100.00
api-miR-3015c	rna27943	142.00	-10.61	17	64.71	82.35
api-miR-3015c	rna27489	154.00	-17.39	19	73.68	73.68
